"categoria","servicio","municipio","total_usuarios_por_servicio","suma_subsidios"
"A","Bibliotecas","Samaná","253","COP 7,857,559,669"
"A","Bibliotecas","Chinchiná","236","COP 7,434,926,188"
"A","Bibliotecas","Norcasia","235","COP 8,122,145,377"
"A","Bibliotecas","Filadelfia","234","COP 6,973,040,489"
"A","Bibliotecas","Manzanares","231","COP 6,927,779,170"
"A","Bibliotecas","Manizales","228","COP 7,367,929,071"
"A","Bibliotecas","La Dorada","226","COP 6,561,606,053"
"A","Bibliotecas","Anserma","224","COP 6,826,895,515"
"A","Bibliotecas","Neira","219","COP 6,575,296,541"
"A","Bibliotecas","lse","218","COP 6,396,748,465"
"A","Bibliotecas","Aguadas","218","COP 6,606,596,466"
"A","Bibliotecas","Riosucio","215","COP 6,400,645,580"
"A","Bibliotecas","La Merced","214","COP 6,535,504,525"
"A","Bibliotecas","Belalcázar","214","COP 6,499,989,078"
"A","Bibliotecas","Supía","213","COP 7,314,134,270"
"A","Bibliotecas","Viterbo","211","COP 6,154,530,870"
"A","Bibliotecas","Villamaría","211","COP 6,384,544,856"
"A","Bibliotecas","Salamina","210","COP 7,110,753,560"
"A","Bibliotecas","Aranzazu","209","COP 5,720,696,576"
"A","Bibliotecas","Pácora","207","COP 6,797,854,948"
"A","Bibliotecas","Marmato","202","COP 6,703,758,379"
"A","Bibliotecas","San José","201","COP 6,257,409,928"
"A","Bibliotecas","Marquetalia","199","COP 6,537,496,072"
"A","Bibliotecas","Victoria","197","COP 6,855,959,391"
"A","Bibliotecas","Risaralda","192","COP 5,756,948,030"
"A","Bibliotecas","Marulanda","187","COP 5,607,259,432"
"A","Centros Rcreacionales","La Dorada","258","COP 8,114,495,692"
"A","Centros Rcreacionales","Aguadas","243","COP 7,965,722,789"
"A","Centros Rcreacionales","Pácora","239","COP 7,915,463,651"
"A","Centros Rcreacionales","Filadelfia","236","COP 7,634,654,228"
"A","Centros Rcreacionales","Chinchiná","235","COP 6,629,896,757"
"A","Centros Rcreacionales","Samaná","234","COP 7,543,234,189"
"A","Centros Rcreacionales","Anserma","230","COP 6,196,749,379"
"A","Centros Rcreacionales","Supía","230","COP 7,631,266,953"
"A","Centros Rcreacionales","Norcasia","229","COP 7,121,552,236"
"A","Centros Rcreacionales","La Merced","227","COP 7,050,321,103"
"A","Centros Rcreacionales","Villamaría","226","COP 6,752,584,007"
"A","Centros Rcreacionales","lse","225","COP 6,782,665,688"
"A","Centros Rcreacionales","Viterbo","223","COP 6,792,324,004"
"A","Centros Rcreacionales","Belalcázar","219","COP 7,085,524,334"
"A","Centros Rcreacionales","Marulanda","218","COP 5,979,402,838"
"A","Centros Rcreacionales","Riosucio","212","COP 6,945,222,127"
"A","Centros Rcreacionales","Victoria","210","COP 7,087,393,459"
"A","Centros Rcreacionales","Neira","209","COP 6,316,581,012"
"A","Centros Rcreacionales","Manzanares","209","COP 6,822,256,721"
"A","Centros Rcreacionales","Salamina","208","COP 7,503,569,152"
"A","Centros Rcreacionales","Marquetalia","206","COP 6,671,361,913"
"A","Centros Rcreacionales","Marmato","205","COP 6,385,281,063"
"A","Centros Rcreacionales","San José","203","COP 6,547,874,887"
"A","Centros Rcreacionales","Aranzazu","199","COP 6,241,594,046"
"A","Centros Rcreacionales","Manizales","190","COP 6,199,850,926"
"A","Centros Rcreacionales","Risaralda","175","COP 5,142,925,876"
"A","Creditos","Marquetalia","234","COP 7,939,846,136"
"A","Creditos","Neira","233","COP 6,944,527,212"
"A","Creditos","Chinchiná","232","COP 6,673,270,261"
"A","Creditos","Belalcázar","232","COP 7,305,898,918"
"A","Creditos","Villamaría","230","COP 6,934,461,798"
"A","Creditos","Norcasia","230","COP 7,262,235,645"
"A","Creditos","lse","229","COP 7,346,454,976"
"A","Creditos","San José","227","COP 7,155,699,696"
"A","Creditos","Manzanares","224","COP 7,360,968,596"
"A","Creditos","Samaná","222","COP 6,828,753,346"
"A","Creditos","Supía","221","COP 6,964,364,349"
"A","Creditos","La Dorada","219","COP 6,901,185,607"
"A","Creditos","Viterbo","218","COP 6,713,960,212"
"A","Creditos","Aranzazu","217","COP 6,564,978,913"
"A","Creditos","Manizales","216","COP 6,229,819,647"
"A","Creditos","La Merced","213","COP 7,111,843,068"
"A","Creditos","Risaralda","212","COP 6,535,017,798"
"A","Creditos","Filadelfia","211","COP 5,976,238,752"
"A","Creditos","Pácora","203","COP 7,095,387,276"
"A","Creditos","Marmato","201","COP 6,148,226,349"
"A","Creditos","Salamina","201","COP 6,036,039,709"
"A","Creditos","Anserma","198","COP 5,965,237,660"
"A","Creditos","Victoria","198","COP 6,065,008,244"
"A","Creditos","Aguadas","198","COP 6,642,460,429"
"A","Creditos","Marulanda","193","COP 5,894,293,795"
"A","Creditos","Riosucio","191","COP 5,502,710,935"
"A","Deporte y Acondicionamiento Fisico","Neira","261","COP 8,030,343,468"
"A","Deporte y Acondicionamiento Fisico","Manizales","233","COP 7,696,522,653"
"A","Deporte y Acondicionamiento Fisico","Norcasia","227","COP 6,881,402,639"
"A","Deporte y Acondicionamiento Fisico","Villamaría","225","COP 7,639,382,148"
"A","Deporte y Acondicionamiento Fisico","San José","223","COP 6,930,337,953"
"A","Deporte y Acondicionamiento Fisico","Marmato","220","COP 6,950,430,785"
"A","Deporte y Acondicionamiento Fisico","Filadelfia","218","COP 6,123,961,148"
"A","Deporte y Acondicionamiento Fisico","Victoria","218","COP 6,688,073,773"
"A","Deporte y Acondicionamiento Fisico","La Dorada","218","COP 7,044,639,916"
"A","Deporte y Acondicionamiento Fisico","La Merced","217","COP 6,953,649,019"
"A","Deporte y Acondicionamiento Fisico","Riosucio","215","COP 6,804,042,668"
"A","Deporte y Acondicionamiento Fisico","Marulanda","215","COP 6,663,438,555"
"A","Deporte y Acondicionamiento Fisico","Chinchiná","214","COP 6,571,327,993"
"A","Deporte y Acondicionamiento Fisico","Manzanares","214","COP 7,076,576,686"
"A","Deporte y Acondicionamiento Fisico","Samaná","213","COP 6,913,988,028"
"A","Deporte y Acondicionamiento Fisico","Supía","213","COP 6,762,683,742"
"A","Deporte y Acondicionamiento Fisico","Viterbo","210","COP 7,008,277,095"
"A","Deporte y Acondicionamiento Fisico","Pácora","209","COP 6,521,191,928"
"A","Deporte y Acondicionamiento Fisico","Anserma","209","COP 6,374,109,216"
"A","Deporte y Acondicionamiento Fisico","Aranzazu","204","COP 6,384,753,804"
"A","Deporte y Acondicionamiento Fisico","Aguadas","204","COP 6,430,995,695"
"A","Deporte y Acondicionamiento Fisico","Salamina","201","COP 6,374,721,145"
"A","Deporte y Acondicionamiento Fisico","Belalcázar","199","COP 6,080,448,948"
"A","Deporte y Acondicionamiento Fisico","lse","197","COP 5,789,986,526"
"A","Deporte y Acondicionamiento Fisico","Marquetalia","190","COP 5,431,001,556"
"A","Deporte y Acondicionamiento Fisico","Risaralda","190","COP 5,998,096,163"
"A","Deportes","Samaná","246","COP 8,252,229,400"
"A","Deportes","La Merced","245","COP 7,473,835,485"
"A","Deportes","Marquetalia","241","COP 7,783,906,185"
"A","Deportes","Viterbo","235","COP 7,542,602,356"
"A","Deportes","Risaralda","235","COP 7,236,956,032"
"A","Deportes","Anserma","227","COP 6,738,484,743"
"A","Deportes","Belalcázar","224","COP 7,948,794,851"
"A","Deportes","Villamaría","224","COP 6,890,610,447"
"A","Deportes","Neira","223","COP 6,764,957,395"
"A","Deportes","La Dorada","219","COP 7,070,464,197"
"A","Deportes","Marmato","219","COP 7,678,159,633"
"A","Deportes","Manizales","217","COP 6,527,457,782"
"A","Deportes","Supía","217","COP 7,361,549,850"
"A","Deportes","Aguadas","216","COP 6,601,786,461"
"A","Deportes","Chinchiná","216","COP 6,592,465,162"
"A","Deportes","Filadelfia","214","COP 6,774,312,258"
"A","Deportes","Salamina","211","COP 6,701,919,855"
"A","Deportes","Pácora","211","COP 7,105,333,564"
"A","Deportes","Aranzazu","211","COP 6,171,285,692"
"A","Deportes","San José","203","COP 6,271,079,345"
"A","Deportes","Riosucio","201","COP 6,607,080,997"
"A","Deportes","Manzanares","198","COP 6,427,817,978"
"A","Deportes","lse","196","COP 7,204,427,758"
"A","Deportes","Victoria","191","COP 6,259,674,888"
"A","Deportes","Marulanda","181","COP 5,580,682,785"
"A","Deportes","Norcasia","179","COP 5,974,902,021"
"A","Educación","Villamaría","246","COP 8,027,809,642"
"A","Educación","Marquetalia","242","COP 7,945,668,285"
"A","Educación","Samaná","241","COP 8,116,249,629"
"A","Educación","La Merced","238","COP 7,357,584,546"
"A","Educación","lse","229","COP 6,850,796,936"
"A","Educación","Marulanda","229","COP 7,233,406,152"
"A","Educación","Marmato","227","COP 6,812,081,201"
"A","Educación","Filadelfia","226","COP 6,988,391,202"
"A","Educación","Aranzazu","225","COP 6,373,939,223"
"A","Educación","San José","225","COP 7,164,744,440"
"A","Educación","Anserma","224","COP 6,681,723,487"
"A","Educación","Belalcázar","224","COP 7,037,677,069"
"A","Educación","Norcasia","219","COP 7,164,629,024"
"A","Educación","Neira","218","COP 6,621,969,277"
"A","Educación","Pácora","217","COP 7,411,407,931"
"A","Educación","La Dorada","216","COP 6,370,267,572"
"A","Educación","Chinchiná","210","COP 5,827,735,753"
"A","Educación","Viterbo","208","COP 6,457,030,998"
"A","Educación","Manzanares","208","COP 6,653,208,677"
"A","Educación","Aguadas","206","COP 6,348,450,110"
"A","Educación","Manizales","205","COP 6,048,463,852"
"A","Educación","Riosucio","200","COP 6,428,911,818"
"A","Educación","Risaralda","197","COP 6,110,592,431"
"A","Educación","Supía","197","COP 6,170,361,131"
"A","Educación","Salamina","193","COP 6,016,560,827"
"A","Educación","Victoria","181","COP 5,684,851,952"
"A","Eventos Culturales","Neira","247","COP 8,341,448,391"
"A","Eventos Culturales","Samaná","245","COP 7,961,197,636"
"A","Eventos Culturales","Aguadas","242","COP 7,650,421,490"
"A","Eventos Culturales","La Dorada","239","COP 7,644,351,684"
"A","Eventos Culturales","Belalcázar","238","COP 7,480,948,688"
"A","Eventos Culturales","Norcasia","226","COP 7,238,512,430"
"A","Eventos Culturales","Manizales","226","COP 7,641,825,103"
"A","Eventos Culturales","Supía","223","COP 6,845,505,888"
"A","Eventos Culturales","Viterbo","221","COP 6,923,294,830"
"A","Eventos Culturales","Pácora","219","COP 7,592,372,586"
"A","Eventos Culturales","San José","219","COP 6,606,914,993"
"A","Eventos Culturales","lse","218","COP 6,788,292,204"
"A","Eventos Culturales","Filadelfia","213","COP 6,828,210,966"
"A","Eventos Culturales","Aranzazu","210","COP 6,398,758,011"
"A","Eventos Culturales","Salamina","210","COP 6,655,317,173"
"A","Eventos Culturales","Risaralda","208","COP 6,628,487,699"
"A","Eventos Culturales","Marquetalia","208","COP 6,451,479,187"
"A","Eventos Culturales","Anserma","207","COP 6,304,566,754"
"A","Eventos Culturales","Manzanares","205","COP 6,370,076,993"
"A","Eventos Culturales","Villamaría","205","COP 6,345,622,767"
"A","Eventos Culturales","Marmato","204","COP 7,011,159,621"
"A","Eventos Culturales","La Merced","203","COP 6,521,401,277"
"A","Eventos Culturales","Chinchiná","202","COP 6,239,677,951"
"A","Eventos Culturales","Riosucio","198","COP 5,695,324,339"
"A","Eventos Culturales","Marulanda","193","COP 5,706,754,497"
"A","Eventos Culturales","Victoria","187","COP 5,889,607,092"
"A","Plan Medicina Prepagada","La Merced","236","COP 7,392,585,931"
"A","Plan Medicina Prepagada","Norcasia","234","COP 7,652,797,831"
"A","Plan Medicina Prepagada","Neira","231","COP 6,992,611,020"
"A","Plan Medicina Prepagada","Belalcázar","231","COP 7,249,323,169"
"A","Plan Medicina Prepagada","San José","229","COP 7,404,532,763"
"A","Plan Medicina Prepagada","Salamina","228","COP 6,727,318,516"
"A","Plan Medicina Prepagada","Manizales","224","COP 6,879,428,583"
"A","Plan Medicina Prepagada","Samaná","223","COP 7,252,265,394"
"A","Plan Medicina Prepagada","Pácora","223","COP 8,022,206,961"
"A","Plan Medicina Prepagada","Filadelfia","219","COP 7,078,841,122"
"A","Plan Medicina Prepagada","La Dorada","219","COP 6,297,839,423"
"A","Plan Medicina Prepagada","Aranzazu","219","COP 6,328,993,916"
"A","Plan Medicina Prepagada","Marquetalia","217","COP 6,394,829,001"
"A","Plan Medicina Prepagada","Villamaría","215","COP 7,342,119,483"
"A","Plan Medicina Prepagada","Manzanares","215","COP 6,635,123,946"
"A","Plan Medicina Prepagada","Supía","214","COP 6,895,033,386"
"A","Plan Medicina Prepagada","Marmato","214","COP 6,592,313,821"
"A","Plan Medicina Prepagada","Riosucio","211","COP 6,628,671,042"
"A","Plan Medicina Prepagada","Aguadas","205","COP 6,617,236,145"
"A","Plan Medicina Prepagada","Anserma","200","COP 6,561,120,801"
"A","Plan Medicina Prepagada","Viterbo","194","COP 5,928,198,022"
"A","Plan Medicina Prepagada","lse","194","COP 6,075,694,120"
"A","Plan Medicina Prepagada","Victoria","194","COP 6,485,642,620"
"A","Plan Medicina Prepagada","Chinchiná","193","COP 6,074,110,102"
"A","Plan Medicina Prepagada","Marulanda","193","COP 6,247,001,138"
"A","Plan Medicina Prepagada","Risaralda","187","COP 5,877,926,281"
"A","Servicios Medicos","Viterbo","231","COP 7,934,561,089"
"A","Servicios Medicos","San José","229","COP 7,429,042,207"
"A","Servicios Medicos","Marmato","229","COP 6,710,794,273"
"A","Servicios Medicos","Supía","228","COP 7,388,716,586"
"A","Servicios Medicos","Villamaría","225","COP 6,935,811,177"
"A","Servicios Medicos","Samaná","225","COP 7,664,139,505"
"A","Servicios Medicos","Aranzazu","224","COP 6,536,417,465"
"A","Servicios Medicos","Norcasia","224","COP 6,205,198,959"
"A","Servicios Medicos","Riosucio","222","COP 6,641,850,480"
"A","Servicios Medicos","Marquetalia","222","COP 7,124,299,359"
"A","Servicios Medicos","Manizales","220","COP 6,832,829,745"
"A","Servicios Medicos","Neira","220","COP 6,575,674,309"
"A","Servicios Medicos","Anserma","215","COP 5,830,940,195"
"A","Servicios Medicos","lse","215","COP 6,915,889,138"
"A","Servicios Medicos","Chinchiná","215","COP 7,060,196,964"
"A","Servicios Medicos","Belalcázar","211","COP 6,296,788,280"
"A","Servicios Medicos","La Dorada","211","COP 6,376,523,419"
"A","Servicios Medicos","Pácora","208","COP 6,773,614,946"
"A","Servicios Medicos","Filadelfia","208","COP 6,034,719,000"
"A","Servicios Medicos","La Merced","207","COP 6,541,533,178"
"A","Servicios Medicos","Aguadas","206","COP 6,857,434,759"
"A","Servicios Medicos","Marulanda","206","COP 6,467,945,640"
"A","Servicios Medicos","Risaralda","203","COP 6,339,426,427"
"A","Servicios Medicos","Salamina","199","COP 6,543,313,092"
"A","Servicios Medicos","Manzanares","199","COP 6,386,185,449"
"A","Servicios Medicos","Victoria","190","COP 6,319,356,806"
"A","Subsidios","Chinchiná","251","COP 7,642,033,958"
"A","Subsidios","La Dorada","248","COP 7,306,447,556"
"A","Subsidios","Risaralda","237","COP 7,633,040,206"
"A","Subsidios","Norcasia","229","COP 7,333,659,387"
"A","Subsidios","Manzanares","226","COP 7,113,542,392"
"A","Subsidios","Neira","225","COP 7,268,800,596"
"A","Subsidios","Pácora","224","COP 7,790,236,394"
"A","Subsidios","Belalcázar","218","COP 6,596,320,518"
"A","Subsidios","Aguadas","218","COP 6,999,002,752"
"A","Subsidios","Aranzazu","217","COP 6,556,733,159"
"A","Subsidios","Anserma","216","COP 6,258,376,899"
"A","Subsidios","Marquetalia","216","COP 7,313,041,927"
"A","Subsidios","Filadelfia","215","COP 6,719,429,473"
"A","Subsidios","La Merced","213","COP 6,443,190,011"
"A","Subsidios","Supía","209","COP 6,750,188,074"
"A","Subsidios","Samaná","209","COP 6,132,313,678"
"A","Subsidios","Salamina","207","COP 6,472,469,751"
"A","Subsidios","Viterbo","207","COP 6,523,713,473"
"A","Subsidios","Marulanda","206","COP 5,972,471,629"
"A","Subsidios","lse","206","COP 6,912,444,266"
"A","Subsidios","Manizales","201","COP 6,431,611,023"
"A","Subsidios","San José","201","COP 6,444,676,184"
"A","Subsidios","Riosucio","198","COP 6,350,634,133"
"A","Subsidios","Marmato","198","COP 6,714,978,870"
"A","Subsidios","Villamaría","196","COP 5,720,006,548"
"A","Subsidios","Victoria","190","COP 5,412,281,965"
"A","Vacunación","Filadelfia","244","COP 7,566,345,645"
"A","Vacunación","Risaralda","244","COP 7,639,223,154"
"A","Vacunación","Norcasia","243","COP 7,133,818,847"
"A","Vacunación","Marmato","231","COP 7,865,297,101"
"A","Vacunación","Aguadas","229","COP 7,094,161,839"
"A","Vacunación","La Dorada","229","COP 6,564,842,642"
"A","Vacunación","Marquetalia","229","COP 7,189,273,074"
"A","Vacunación","Neira","228","COP 7,646,420,096"
"A","Vacunación","Marulanda","228","COP 7,077,161,949"
"A","Vacunación","Belalcázar","222","COP 6,671,122,901"
"A","Vacunación","lse","220","COP 7,067,373,082"
"A","Vacunación","Villamaría","220","COP 7,321,003,655"
"A","Vacunación","Manizales","218","COP 6,687,564,481"
"A","Vacunación","Anserma","218","COP 6,888,498,545"
"A","Vacunación","Salamina","214","COP 6,941,235,679"
"A","Vacunación","La Merced","214","COP 7,231,139,046"
"A","Vacunación","Samaná","212","COP 7,026,449,034"
"A","Vacunación","Victoria","210","COP 6,429,824,395"
"A","Vacunación","San José","206","COP 6,354,510,309"
"A","Vacunación","Viterbo","203","COP 6,456,776,261"
"A","Vacunación","Chinchiná","199","COP 5,908,775,268"
"A","Vacunación","Pácora","199","COP 6,311,313,844"
"A","Vacunación","Aranzazu","195","COP 6,090,982,207"
"A","Vacunación","Manzanares","194","COP 6,308,633,305"
"A","Vacunación","Supía","188","COP 6,408,795,541"
"A","Vacunación","Riosucio","181","COP 6,030,116,422"
"B","Bibliotecas","Chinchiná","248","COP 7,882,908,035"
"B","Bibliotecas","Villamaría","240","COP 7,610,105,032"
"B","Bibliotecas","Belalcázar","237","COP 7,842,959,833"
"B","Bibliotecas","Aguadas","234","COP 7,419,174,629"
"B","Bibliotecas","Norcasia","233","COP 7,118,060,910"
"B","Bibliotecas","Manzanares","231","COP 7,360,371,396"
"B","Bibliotecas","Supía","231","COP 7,579,622,938"
"B","Bibliotecas","La Merced","228","COP 7,263,720,590"
"B","Bibliotecas","Viterbo","228","COP 7,329,787,620"
"B","Bibliotecas","Aranzazu","225","COP 7,028,710,760"
"B","Bibliotecas","Neira","225","COP 6,890,745,884"
"B","Bibliotecas","Victoria","224","COP 6,432,366,664"
"B","Bibliotecas","Marulanda","223","COP 6,451,642,348"
"B","Bibliotecas","Samaná","220","COP 7,201,483,605"
"B","Bibliotecas","Riosucio","218","COP 7,075,401,806"
"B","Bibliotecas","Manizales","218","COP 7,012,551,116"
"B","Bibliotecas","Marquetalia","212","COP 6,330,523,583"
"B","Bibliotecas","lse","211","COP 7,246,038,063"
"B","Bibliotecas","San José","205","COP 6,163,301,424"
"B","Bibliotecas","Risaralda","205","COP 6,573,015,053"
"B","Bibliotecas","La Dorada","198","COP 5,961,144,555"
"B","Bibliotecas","Marmato","198","COP 5,939,597,949"
"B","Bibliotecas","Filadelfia","197","COP 5,390,501,224"
"B","Bibliotecas","Anserma","194","COP 6,083,926,109"
"B","Bibliotecas","Salamina","194","COP 6,793,107,262"
"B","Bibliotecas","Pácora","193","COP 5,676,089,568"
"B","Centros Rcreacionales","Villamaría","238","COP 7,103,791,194"
"B","Centros Rcreacionales","Manzanares","234","COP 7,936,503,552"
"B","Centros Rcreacionales","Pácora","234","COP 7,034,434,027"
"B","Centros Rcreacionales","Risaralda","228","COP 7,218,980,003"
"B","Centros Rcreacionales","Anserma","227","COP 6,988,757,810"
"B","Centros Rcreacionales","Neira","225","COP 7,046,433,386"
"B","Centros Rcreacionales","La Dorada","224","COP 6,612,678,059"
"B","Centros Rcreacionales","Samaná","224","COP 7,409,933,534"
"B","Centros Rcreacionales","Supía","223","COP 6,860,745,950"
"B","Centros Rcreacionales","San José","222","COP 6,794,061,855"
"B","Centros Rcreacionales","Belalcázar","222","COP 6,839,769,417"
"B","Centros Rcreacionales","Chinchiná","221","COP 6,887,472,128"
"B","Centros Rcreacionales","Marmato","216","COP 6,542,157,201"
"B","Centros Rcreacionales","La Merced","216","COP 6,392,077,377"
"B","Centros Rcreacionales","lse","215","COP 6,981,990,522"
"B","Centros Rcreacionales","Aranzazu","214","COP 6,678,442,096"
"B","Centros Rcreacionales","Marquetalia","214","COP 6,395,833,475"
"B","Centros Rcreacionales","Aguadas","214","COP 6,370,659,259"
"B","Centros Rcreacionales","Riosucio","211","COP 6,502,087,549"
"B","Centros Rcreacionales","Norcasia","210","COP 6,170,985,039"
"B","Centros Rcreacionales","Victoria","209","COP 6,047,101,596"
"B","Centros Rcreacionales","Marulanda","202","COP 6,083,269,518"
"B","Centros Rcreacionales","Viterbo","201","COP 5,762,918,885"
"B","Centros Rcreacionales","Filadelfia","200","COP 6,334,701,207"
"B","Centros Rcreacionales","Manizales","199","COP 6,671,428,377"
"B","Centros Rcreacionales","Salamina","189","COP 6,107,607,416"
"B","Creditos","Pácora","251","COP 7,874,088,740"
"B","Creditos","Victoria","247","COP 7,531,056,003"
"B","Creditos","Viterbo","244","COP 7,762,127,956"
"B","Creditos","lse","238","COP 7,830,667,031"
"B","Creditos","Supía","227","COP 7,456,564,137"
"B","Creditos","Villamaría","223","COP 6,955,147,180"
"B","Creditos","Neira","222","COP 6,852,579,667"
"B","Creditos","Aranzazu","222","COP 6,911,565,684"
"B","Creditos","Risaralda","221","COP 7,365,382,334"
"B","Creditos","Salamina","218","COP 6,411,595,252"
"B","Creditos","Aguadas","217","COP 6,641,449,955"
"B","Creditos","Riosucio","216","COP 6,661,301,429"
"B","Creditos","Norcasia","216","COP 6,260,746,235"
"B","Creditos","Marmato","215","COP 7,071,638,805"
"B","Creditos","Manizales","213","COP 7,454,899,546"
"B","Creditos","San José","212","COP 6,907,883,245"
"B","Creditos","Anserma","212","COP 6,779,911,978"
"B","Creditos","Marquetalia","211","COP 6,380,957,308"
"B","Creditos","Marulanda","208","COP 6,321,490,896"
"B","Creditos","Filadelfia","207","COP 6,046,116,351"
"B","Creditos","Samaná","207","COP 6,572,507,980"
"B","Creditos","La Dorada","205","COP 6,976,862,079"
"B","Creditos","Manzanares","198","COP 6,451,282,055"
"B","Creditos","Chinchiná","197","COP 5,813,484,014"
"B","Creditos","Belalcázar","196","COP 5,483,293,623"
"B","Creditos","La Merced","187","COP 5,858,311,883"
"B","Deporte y Acondicionamiento Fisico","Anserma","242","COP 7,396,062,066"
"B","Deporte y Acondicionamiento Fisico","Victoria","238","COP 7,594,746,838"
"B","Deporte y Acondicionamiento Fisico","La Merced","238","COP 7,644,458,307"
"B","Deporte y Acondicionamiento Fisico","Norcasia","233","COP 7,377,631,338"
"B","Deporte y Acondicionamiento Fisico","Marquetalia","228","COP 7,044,926,394"
"B","Deporte y Acondicionamiento Fisico","Aguadas","223","COP 6,588,538,560"
"B","Deporte y Acondicionamiento Fisico","San José","223","COP 6,959,389,388"
"B","Deporte y Acondicionamiento Fisico","Aranzazu","222","COP 7,107,273,569"
"B","Deporte y Acondicionamiento Fisico","Villamaría","221","COP 7,472,472,997"
"B","Deporte y Acondicionamiento Fisico","Filadelfia","218","COP 6,461,723,685"
"B","Deporte y Acondicionamiento Fisico","Pácora","218","COP 6,414,569,126"
"B","Deporte y Acondicionamiento Fisico","Samaná","217","COP 7,046,403,250"
"B","Deporte y Acondicionamiento Fisico","Chinchiná","217","COP 6,856,344,309"
"B","Deporte y Acondicionamiento Fisico","Marmato","216","COP 7,192,697,893"
"B","Deporte y Acondicionamiento Fisico","Riosucio","214","COP 6,596,275,481"
"B","Deporte y Acondicionamiento Fisico","Salamina","213","COP 7,003,143,227"
"B","Deporte y Acondicionamiento Fisico","Risaralda","210","COP 6,885,123,717"
"B","Deporte y Acondicionamiento Fisico","Neira","209","COP 6,295,514,532"
"B","Deporte y Acondicionamiento Fisico","Manizales","208","COP 6,614,627,742"
"B","Deporte y Acondicionamiento Fisico","La Dorada","208","COP 6,760,297,378"
"B","Deporte y Acondicionamiento Fisico","Viterbo","207","COP 6,730,849,244"
"B","Deporte y Acondicionamiento Fisico","lse","202","COP 6,692,297,320"
"B","Deporte y Acondicionamiento Fisico","Belalcázar","200","COP 6,653,955,114"
"B","Deporte y Acondicionamiento Fisico","Supía","200","COP 6,058,581,902"
"B","Deporte y Acondicionamiento Fisico","Marulanda","199","COP 6,026,519,821"
"B","Deporte y Acondicionamiento Fisico","Manzanares","198","COP 6,558,726,928"
"B","Deportes","Marmato","238","COP 7,499,412,360"
"B","Deportes","Samaná","236","COP 7,535,385,331"
"B","Deportes","Filadelfia","235","COP 7,375,482,279"
"B","Deportes","Supía","235","COP 7,119,031,925"
"B","Deportes","Manzanares","232","COP 7,142,385,948"
"B","Deportes","Chinchiná","230","COP 6,955,389,019"
"B","Deportes","Villamaría","230","COP 6,931,947,143"
"B","Deportes","Aranzazu","226","COP 6,919,802,311"
"B","Deportes","Victoria","225","COP 6,779,960,544"
"B","Deportes","Anserma","224","COP 6,488,128,944"
"B","Deportes","Viterbo","223","COP 6,591,442,958"
"B","Deportes","San José","223","COP 7,159,609,666"
"B","Deportes","Norcasia","219","COP 6,826,238,054"
"B","Deportes","Risaralda","219","COP 6,490,598,495"
"B","Deportes","Riosucio","219","COP 7,215,658,110"
"B","Deportes","Manizales","219","COP 6,677,905,824"
"B","Deportes","Belalcázar","217","COP 6,537,590,776"
"B","Deportes","Marquetalia","211","COP 6,469,074,764"
"B","Deportes","La Dorada","210","COP 6,568,850,641"
"B","Deportes","lse","209","COP 6,984,997,062"
"B","Deportes","Pácora","208","COP 6,583,730,105"
"B","Deportes","La Merced","206","COP 6,483,920,132"
"B","Deportes","Neira","205","COP 6,376,436,260"
"B","Deportes","Salamina","202","COP 6,557,314,208"
"B","Deportes","Marulanda","200","COP 6,248,393,783"
"B","Deportes","Aguadas","194","COP 6,372,100,115"
"B","Educación","Belalcázar","244","COP 7,785,416,282"
"B","Educación","Viterbo","240","COP 7,995,441,426"
"B","Educación","Aranzazu","237","COP 7,306,310,668"
"B","Educación","Salamina","235","COP 6,923,976,146"
"B","Educación","Norcasia","231","COP 6,990,392,007"
"B","Educación","Victoria","229","COP 6,622,184,130"
"B","Educación","Marquetalia","228","COP 7,252,292,593"
"B","Educación","Risaralda","226","COP 6,967,317,305"
"B","Educación","Manzanares","225","COP 7,238,408,332"
"B","Educación","Pácora","224","COP 7,425,867,186"
"B","Educación","La Dorada","220","COP 7,414,739,998"
"B","Educación","La Merced","220","COP 7,332,814,414"
"B","Educación","Manizales","219","COP 6,658,666,643"
"B","Educación","Aguadas","217","COP 6,895,240,496"
"B","Educación","Neira","215","COP 7,062,340,215"
"B","Educación","Samaná","213","COP 6,720,097,376"
"B","Educación","Marulanda","210","COP 6,640,452,614"
"B","Educación","Marmato","207","COP 6,383,286,379"
"B","Educación","Chinchiná","207","COP 6,129,835,559"
"B","Educación","Villamaría","202","COP 6,293,646,135"
"B","Educación","Riosucio","201","COP 6,709,776,756"
"B","Educación","San José","201","COP 7,241,365,950"
"B","Educación","Anserma","201","COP 6,335,700,863"
"B","Educación","Filadelfia","200","COP 6,292,193,090"
"B","Educación","lse","197","COP 6,281,517,510"
"B","Educación","Supía","185","COP 5,850,735,649"
"B","Eventos Culturales","Aguadas","242","COP 7,813,374,511"
"B","Eventos Culturales","Aranzazu","242","COP 7,487,383,133"
"B","Eventos Culturales","Chinchiná","235","COP 7,778,197,446"
"B","Eventos Culturales","Viterbo","231","COP 6,911,110,892"
"B","Eventos Culturales","Norcasia","231","COP 7,092,727,710"
"B","Eventos Culturales","La Dorada","228","COP 7,463,175,848"
"B","Eventos Culturales","Marquetalia","228","COP 7,213,436,936"
"B","Eventos Culturales","San José","228","COP 7,944,318,654"
"B","Eventos Culturales","Villamaría","227","COP 7,050,293,028"
"B","Eventos Culturales","La Merced","227","COP 7,043,030,833"
"B","Eventos Culturales","Samaná","225","COP 7,181,693,773"
"B","Eventos Culturales","Supía","218","COP 6,356,394,631"
"B","Eventos Culturales","Salamina","217","COP 6,548,037,391"
"B","Eventos Culturales","Risaralda","211","COP 6,690,217,031"
"B","Eventos Culturales","Anserma","209","COP 6,304,202,482"
"B","Eventos Culturales","Marmato","209","COP 6,702,852,167"
"B","Eventos Culturales","Riosucio","208","COP 6,139,198,524"
"B","Eventos Culturales","Manzanares","208","COP 6,404,765,279"
"B","Eventos Culturales","Pácora","207","COP 6,282,937,493"
"B","Eventos Culturales","Filadelfia","206","COP 6,334,484,599"
"B","Eventos Culturales","lse","204","COP 6,648,168,096"
"B","Eventos Culturales","Marulanda","201","COP 6,225,553,402"
"B","Eventos Culturales","Belalcázar","200","COP 5,812,318,855"
"B","Eventos Culturales","Manizales","199","COP 6,559,376,991"
"B","Eventos Culturales","Neira","195","COP 5,640,989,149"
"B","Eventos Culturales","Victoria","190","COP 5,943,979,489"
"B","Plan Medicina Prepagada","Anserma","251","COP 7,412,710,455"
"B","Plan Medicina Prepagada","Norcasia","237","COP 7,483,755,672"
"B","Plan Medicina Prepagada","Filadelfia","231","COP 7,450,981,118"
"B","Plan Medicina Prepagada","Samaná","229","COP 7,247,387,135"
"B","Plan Medicina Prepagada","La Dorada","229","COP 7,156,535,916"
"B","Plan Medicina Prepagada","San José","228","COP 7,129,454,746"
"B","Plan Medicina Prepagada","Manizales","225","COP 7,042,543,994"
"B","Plan Medicina Prepagada","Marulanda","222","COP 7,216,912,874"
"B","Plan Medicina Prepagada","Villamaría","221","COP 6,760,802,233"
"B","Plan Medicina Prepagada","Neira","217","COP 6,554,930,230"
"B","Plan Medicina Prepagada","Victoria","214","COP 7,251,436,747"
"B","Plan Medicina Prepagada","Supía","213","COP 6,381,437,963"
"B","Plan Medicina Prepagada","Manzanares","213","COP 6,819,082,851"
"B","Plan Medicina Prepagada","Aranzazu","213","COP 6,844,400,919"
"B","Plan Medicina Prepagada","Chinchiná","212","COP 6,718,963,054"
"B","Plan Medicina Prepagada","Marmato","211","COP 6,650,725,588"
"B","Plan Medicina Prepagada","Viterbo","209","COP 6,516,997,835"
"B","Plan Medicina Prepagada","Salamina","209","COP 6,497,954,197"
"B","Plan Medicina Prepagada","Belalcázar","209","COP 6,253,338,092"
"B","Plan Medicina Prepagada","Marquetalia","208","COP 6,571,550,467"
"B","Plan Medicina Prepagada","La Merced","204","COP 6,048,569,646"
"B","Plan Medicina Prepagada","lse","201","COP 6,418,453,550"
"B","Plan Medicina Prepagada","Aguadas","200","COP 5,555,039,536"
"B","Plan Medicina Prepagada","Pácora","196","COP 6,169,742,426"
"B","Plan Medicina Prepagada","Risaralda","191","COP 5,942,998,159"
"B","Plan Medicina Prepagada","Riosucio","189","COP 6,077,251,338"
"B","Servicios Medicos","Marquetalia","238","COP 7,415,262,091"
"B","Servicios Medicos","Chinchiná","235","COP 6,936,384,019"
"B","Servicios Medicos","Neira","234","COP 7,229,743,852"
"B","Servicios Medicos","Norcasia","233","COP 7,293,252,220"
"B","Servicios Medicos","Manzanares","229","COP 7,550,349,689"
"B","Servicios Medicos","Samaná","228","COP 6,641,049,807"
"B","Servicios Medicos","La Dorada","228","COP 7,747,703,931"
"B","Servicios Medicos","Salamina","225","COP 6,737,697,346"
"B","Servicios Medicos","lse","224","COP 7,369,157,355"
"B","Servicios Medicos","Aguadas","220","COP 6,458,813,482"
"B","Servicios Medicos","Villamaría","219","COP 7,400,504,622"
"B","Servicios Medicos","Riosucio","218","COP 7,044,355,375"
"B","Servicios Medicos","Supía","218","COP 6,639,364,739"
"B","Servicios Medicos","Aranzazu","217","COP 6,511,733,250"
"B","Servicios Medicos","La Merced","217","COP 6,766,790,696"
"B","Servicios Medicos","Marulanda","217","COP 6,965,765,164"
"B","Servicios Medicos","Manizales","215","COP 6,962,310,429"
"B","Servicios Medicos","Pácora","215","COP 6,757,493,602"
"B","Servicios Medicos","Anserma","212","COP 6,556,763,976"
"B","Servicios Medicos","Marmato","211","COP 7,178,346,110"
"B","Servicios Medicos","Victoria","211","COP 6,634,682,635"
"B","Servicios Medicos","Risaralda","208","COP 6,309,899,333"
"B","Servicios Medicos","Viterbo","208","COP 6,948,518,814"
"B","Servicios Medicos","San José","198","COP 6,516,676,645"
"B","Servicios Medicos","Belalcázar","197","COP 6,079,891,722"
"B","Servicios Medicos","Filadelfia","188","COP 5,873,936,440"
"B","Subsidios","Norcasia","249","COP 7,497,131,501"
"B","Subsidios","Marmato","236","COP 7,360,774,152"
"B","Subsidios","Manizales","236","COP 8,426,010,185"
"B","Subsidios","Aranzazu","235","COP 7,060,918,499"
"B","Subsidios","Aguadas","234","COP 7,206,687,761"
"B","Subsidios","Pácora","231","COP 7,687,535,673"
"B","Subsidios","Anserma","230","COP 7,307,824,819"
"B","Subsidios","La Dorada","229","COP 7,712,258,260"
"B","Subsidios","lse","229","COP 7,141,158,100"
"B","Subsidios","Samaná","226","COP 7,512,945,760"
"B","Subsidios","La Merced","225","COP 7,618,310,804"
"B","Subsidios","Victoria","223","COP 7,390,833,457"
"B","Subsidios","Viterbo","222","COP 7,136,605,358"
"B","Subsidios","Chinchiná","220","COP 6,492,467,891"
"B","Subsidios","Marquetalia","217","COP 6,481,704,020"
"B","Subsidios","Filadelfia","216","COP 6,809,396,271"
"B","Subsidios","Neira","213","COP 6,569,155,209"
"B","Subsidios","Salamina","212","COP 6,255,292,354"
"B","Subsidios","Marulanda","212","COP 6,050,601,684"
"B","Subsidios","Riosucio","212","COP 6,653,455,464"
"B","Subsidios","Villamaría","212","COP 6,775,069,754"
"B","Subsidios","Risaralda","210","COP 6,809,364,937"
"B","Subsidios","Supía","200","COP 6,349,721,813"
"B","Subsidios","Belalcázar","195","COP 5,705,956,706"
"B","Subsidios","San José","189","COP 6,105,264,889"
"B","Subsidios","Manzanares","185","COP 5,376,008,172"
"B","Vacunación","La Merced","259","COP 8,514,610,611"
"B","Vacunación","Marquetalia","251","COP 8,209,674,755"
"B","Vacunación","Aranzazu","244","COP 7,325,266,370"
"B","Vacunación","lse","244","COP 7,415,884,140"
"B","Vacunación","Norcasia","235","COP 7,285,371,447"
"B","Vacunación","Viterbo","235","COP 7,643,386,312"
"B","Vacunación","San José","234","COP 7,946,142,130"
"B","Vacunación","Aguadas","231","COP 7,511,815,938"
"B","Vacunación","Manizales","228","COP 7,599,506,266"
"B","Vacunación","Risaralda","225","COP 7,552,476,695"
"B","Vacunación","Samaná","225","COP 7,046,523,102"
"B","Vacunación","La Dorada","222","COP 6,937,116,680"
"B","Vacunación","Anserma","221","COP 6,574,538,495"
"B","Vacunación","Chinchiná","220","COP 6,352,698,832"
"B","Vacunación","Victoria","216","COP 6,735,430,176"
"B","Vacunación","Pácora","215","COP 6,259,912,460"
"B","Vacunación","Villamaría","213","COP 7,064,418,760"
"B","Vacunación","Neira","211","COP 6,509,085,056"
"B","Vacunación","Marmato","211","COP 6,963,740,406"
"B","Vacunación","Supía","209","COP 6,585,842,766"
"B","Vacunación","Salamina","209","COP 6,919,447,711"
"B","Vacunación","Riosucio","207","COP 6,953,205,607"
"B","Vacunación","Belalcázar","206","COP 6,581,372,328"
"B","Vacunación","Marulanda","202","COP 6,934,207,238"
"B","Vacunación","Filadelfia","196","COP 6,217,048,323"
"B","Vacunación","Manzanares","181","COP 5,803,856,126"
"C","Bibliotecas","La Dorada","249","COP 7,779,527,792"
"C","Bibliotecas","Villamaría","241","COP 6,664,426,211"
"C","Bibliotecas","Pácora","241","COP 7,024,451,382"
"C","Bibliotecas","La Merced","240","COP 7,647,051,032"
"C","Bibliotecas","Marulanda","239","COP 7,205,957,830"
"C","Bibliotecas","San José","236","COP 7,324,400,841"
"C","Bibliotecas","Anserma","233","COP 7,318,972,877"
"C","Bibliotecas","Viterbo","231","COP 6,907,996,020"
"C","Bibliotecas","Supía","229","COP 7,209,166,570"
"C","Bibliotecas","Salamina","227","COP 7,319,885,964"
"C","Bibliotecas","Chinchiná","221","COP 7,291,546,396"
"C","Bibliotecas","Norcasia","219","COP 7,069,401,964"
"C","Bibliotecas","Neira","216","COP 7,180,180,837"
"C","Bibliotecas","Marquetalia","215","COP 6,818,622,756"
"C","Bibliotecas","Filadelfia","215","COP 6,458,648,788"
"C","Bibliotecas","Riosucio","214","COP 6,783,005,401"
"C","Bibliotecas","Risaralda","213","COP 7,312,118,699"
"C","Bibliotecas","Victoria","209","COP 6,476,224,957"
"C","Bibliotecas","Aguadas","207","COP 6,550,412,068"
"C","Bibliotecas","lse","204","COP 6,020,505,298"
"C","Bibliotecas","Aranzazu","200","COP 6,549,931,513"
"C","Bibliotecas","Samaná","199","COP 6,396,224,367"
"C","Bibliotecas","Marmato","197","COP 6,137,968,925"
"C","Bibliotecas","Belalcázar","197","COP 6,508,276,760"
"C","Bibliotecas","Manizales","196","COP 5,932,666,650"
"C","Bibliotecas","Manzanares","195","COP 6,103,275,270"
"C","Centros Rcreacionales","La Merced","270","COP 8,585,444,439"
"C","Centros Rcreacionales","Marquetalia","255","COP 8,311,153,283"
"C","Centros Rcreacionales","Villamaría","251","COP 7,532,344,870"
"C","Centros Rcreacionales","Filadelfia","249","COP 7,907,281,209"
"C","Centros Rcreacionales","Marulanda","244","COP 7,947,516,378"
"C","Centros Rcreacionales","San José","237","COP 7,848,633,213"
"C","Centros Rcreacionales","Norcasia","235","COP 7,545,779,170"
"C","Centros Rcreacionales","Pácora","227","COP 6,890,030,129"
"C","Centros Rcreacionales","Risaralda","226","COP 6,835,929,874"
"C","Centros Rcreacionales","lse","221","COP 6,663,065,270"
"C","Centros Rcreacionales","Aranzazu","221","COP 6,734,175,274"
"C","Centros Rcreacionales","Manzanares","221","COP 6,510,558,540"
"C","Centros Rcreacionales","Victoria","221","COP 7,248,405,296"
"C","Centros Rcreacionales","Belalcázar","220","COP 6,601,040,174"
"C","Centros Rcreacionales","Anserma","219","COP 7,419,037,989"
"C","Centros Rcreacionales","Neira","218","COP 6,983,388,866"
"C","Centros Rcreacionales","Manizales","215","COP 7,396,008,468"
"C","Centros Rcreacionales","Samaná","215","COP 7,073,430,692"
"C","Centros Rcreacionales","Riosucio","214","COP 6,730,117,417"
"C","Centros Rcreacionales","Chinchiná","214","COP 6,630,112,685"
"C","Centros Rcreacionales","La Dorada","213","COP 6,518,093,298"
"C","Centros Rcreacionales","Aguadas","206","COP 6,466,437,268"
"C","Centros Rcreacionales","Viterbo","205","COP 6,223,451,891"
"C","Centros Rcreacionales","Supía","201","COP 6,755,439,012"
"C","Centros Rcreacionales","Marmato","196","COP 6,155,772,836"
"C","Centros Rcreacionales","Salamina","191","COP 6,002,700,215"
"C","Creditos","Filadelfia","244","COP 7,724,465,397"
"C","Creditos","Salamina","239","COP 8,044,525,801"
"C","Creditos","Marquetalia","235","COP 7,229,698,025"
"C","Creditos","Pácora","230","COP 7,092,538,720"
"C","Creditos","La Dorada","229","COP 6,876,870,175"
"C","Creditos","Risaralda","228","COP 7,237,392,517"
"C","Creditos","Marulanda","227","COP 7,371,780,476"
"C","Creditos","Victoria","226","COP 6,503,379,977"
"C","Creditos","Chinchiná","225","COP 6,609,953,837"
"C","Creditos","Aranzazu","224","COP 7,308,067,128"
"C","Creditos","Belalcázar","223","COP 6,790,355,714"
"C","Creditos","Supía","222","COP 6,772,537,340"
"C","Creditos","Neira","219","COP 6,551,466,106"
"C","Creditos","Marmato","218","COP 6,993,535,499"
"C","Creditos","Norcasia","214","COP 7,059,557,898"
"C","Creditos","lse","214","COP 6,660,982,930"
"C","Creditos","Riosucio","213","COP 6,310,859,005"
"C","Creditos","Anserma","212","COP 7,038,929,332"
"C","Creditos","San José","210","COP 6,867,286,143"
"C","Creditos","La Merced","210","COP 6,685,268,672"
"C","Creditos","Villamaría","210","COP 6,299,909,565"
"C","Creditos","Aguadas","209","COP 6,647,267,068"
"C","Creditos","Samaná","207","COP 6,626,012,528"
"C","Creditos","Manizales","206","COP 6,691,695,871"
"C","Creditos","Manzanares","204","COP 6,504,051,078"
"C","Creditos","Viterbo","202","COP 6,609,794,445"
"C","Deporte y Acondicionamiento Fisico","Marquetalia","257","COP 8,005,996,544"
"C","Deporte y Acondicionamiento Fisico","Marmato","244","COP 7,597,788,808"
"C","Deporte y Acondicionamiento Fisico","Aranzazu","241","COP 7,411,661,932"
"C","Deporte y Acondicionamiento Fisico","Manizales","240","COP 7,684,114,167"
"C","Deporte y Acondicionamiento Fisico","Neira","240","COP 7,488,681,534"
"C","Deporte y Acondicionamiento Fisico","Villamaría","240","COP 7,088,920,500"
"C","Deporte y Acondicionamiento Fisico","Manzanares","236","COP 7,434,471,506"
"C","Deporte y Acondicionamiento Fisico","Supía","233","COP 7,441,524,641"
"C","Deporte y Acondicionamiento Fisico","Filadelfia","231","COP 7,206,034,803"
"C","Deporte y Acondicionamiento Fisico","Norcasia","231","COP 7,018,253,034"
"C","Deporte y Acondicionamiento Fisico","Belalcázar","227","COP 7,536,601,730"
"C","Deporte y Acondicionamiento Fisico","Riosucio","226","COP 7,017,748,589"
"C","Deporte y Acondicionamiento Fisico","San José","226","COP 7,297,927,912"
"C","Deporte y Acondicionamiento Fisico","La Dorada","219","COP 7,062,781,824"
"C","Deporte y Acondicionamiento Fisico","Samaná","218","COP 7,050,012,429"
"C","Deporte y Acondicionamiento Fisico","Marulanda","218","COP 6,635,775,413"
"C","Deporte y Acondicionamiento Fisico","Anserma","213","COP 6,835,137,817"
"C","Deporte y Acondicionamiento Fisico","Pácora","211","COP 6,197,757,645"
"C","Deporte y Acondicionamiento Fisico","La Merced","211","COP 6,501,070,721"
"C","Deporte y Acondicionamiento Fisico","Salamina","208","COP 6,965,168,248"
"C","Deporte y Acondicionamiento Fisico","Victoria","208","COP 6,348,011,805"
"C","Deporte y Acondicionamiento Fisico","Chinchiná","206","COP 6,638,153,132"
"C","Deporte y Acondicionamiento Fisico","Viterbo","205","COP 6,188,655,268"
"C","Deporte y Acondicionamiento Fisico","Risaralda","201","COP 6,439,487,394"
"C","Deporte y Acondicionamiento Fisico","Aguadas","197","COP 5,296,317,833"
"C","Deporte y Acondicionamiento Fisico","lse","189","COP 5,418,877,117"
"C","Deportes","Villamaría","250","COP 7,305,967,134"
"C","Deportes","La Dorada","247","COP 8,229,904,541"
"C","Deportes","San José","245","COP 7,627,005,757"
"C","Deportes","Marquetalia","243","COP 7,303,939,378"
"C","Deportes","Pácora","239","COP 7,643,130,350"
"C","Deportes","Victoria","236","COP 6,965,013,352"
"C","Deportes","Manzanares","233","COP 7,408,695,861"
"C","Deportes","Marmato","231","COP 7,052,699,063"
"C","Deportes","Risaralda","230","COP 7,537,211,872"
"C","Deportes","Neira","230","COP 7,109,210,588"
"C","Deportes","Riosucio","229","COP 7,308,906,168"
"C","Deportes","Salamina","226","COP 6,998,744,601"
"C","Deportes","La Merced","224","COP 7,364,975,142"
"C","Deportes","lse","223","COP 7,041,348,919"
"C","Deportes","Anserma","223","COP 6,777,270,430"
"C","Deportes","Aguadas","223","COP 7,275,766,295"
"C","Deportes","Chinchiná","220","COP 6,994,715,729"
"C","Deportes","Aranzazu","218","COP 6,942,600,848"
"C","Deportes","Filadelfia","217","COP 6,603,061,079"
"C","Deportes","Samaná","217","COP 7,317,434,743"
"C","Deportes","Marulanda","210","COP 6,385,401,544"
"C","Deportes","Manizales","210","COP 6,553,517,772"
"C","Deportes","Viterbo","209","COP 6,567,405,550"
"C","Deportes","Supía","208","COP 6,536,130,786"
"C","Deportes","Belalcázar","205","COP 6,732,967,398"
"C","Deportes","Norcasia","192","COP 5,765,726,251"
"C","Educación","Neira","241","COP 8,214,406,087"
"C","Educación","Victoria","235","COP 7,300,555,057"
"C","Educación","Villamaría","233","COP 7,196,370,147"
"C","Educación","Pácora","231","COP 6,764,610,044"
"C","Educación","Manzanares","230","COP 7,608,504,081"
"C","Educación","Salamina","226","COP 7,323,778,630"
"C","Educación","La Merced","225","COP 6,794,112,314"
"C","Educación","Marulanda","223","COP 6,962,977,219"
"C","Educación","Anserma","222","COP 6,913,248,867"
"C","Educación","Viterbo","219","COP 7,435,726,880"
"C","Educación","Samaná","218","COP 6,881,568,909"
"C","Educación","Norcasia","216","COP 7,189,165,504"
"C","Educación","La Dorada","216","COP 6,614,708,752"
"C","Educación","Manizales","216","COP 6,999,369,518"
"C","Educación","Marmato","216","COP 6,195,826,476"
"C","Educación","Risaralda","215","COP 6,709,047,760"
"C","Educación","lse","212","COP 6,904,747,952"
"C","Educación","Aranzazu","210","COP 7,227,204,144"
"C","Educación","Marquetalia","206","COP 6,501,457,480"
"C","Educación","Chinchiná","202","COP 6,258,062,448"
"C","Educación","Aguadas","200","COP 6,086,477,906"
"C","Educación","Riosucio","199","COP 6,498,684,089"
"C","Educación","San José","198","COP 6,713,464,304"
"C","Educación","Belalcázar","195","COP 5,955,146,188"
"C","Educación","Supía","193","COP 5,816,242,382"
"C","Educación","Filadelfia","185","COP 5,543,936,915"
"C","Eventos Culturales","Pácora","241","COP 8,003,725,630"
"C","Eventos Culturales","Supía","239","COP 7,328,472,230"
"C","Eventos Culturales","Marquetalia","236","COP 7,853,183,494"
"C","Eventos Culturales","Anserma","233","COP 6,505,692,129"
"C","Eventos Culturales","Manzanares","233","COP 7,257,944,031"
"C","Eventos Culturales","Norcasia","232","COP 7,369,430,838"
"C","Eventos Culturales","Aranzazu","231","COP 7,027,687,630"
"C","Eventos Culturales","San José","230","COP 6,905,795,409"
"C","Eventos Culturales","Villamaría","226","COP 6,727,904,408"
"C","Eventos Culturales","Salamina","224","COP 7,410,959,414"
"C","Eventos Culturales","Neira","222","COP 6,712,333,689"
"C","Eventos Culturales","lse","218","COP 6,868,352,285"
"C","Eventos Culturales","Aguadas","215","COP 6,380,311,634"
"C","Eventos Culturales","La Dorada","215","COP 6,872,429,668"
"C","Eventos Culturales","Filadelfia","215","COP 6,537,436,039"
"C","Eventos Culturales","Riosucio","213","COP 6,791,032,379"
"C","Eventos Culturales","Marulanda","212","COP 6,148,188,055"
"C","Eventos Culturales","Samaná","210","COP 6,228,557,852"
"C","Eventos Culturales","Victoria","208","COP 6,711,691,677"
"C","Eventos Culturales","La Merced","208","COP 6,113,362,512"
"C","Eventos Culturales","Chinchiná","207","COP 6,878,021,397"
"C","Eventos Culturales","Risaralda","205","COP 6,256,335,351"
"C","Eventos Culturales","Manizales","203","COP 6,761,791,934"
"C","Eventos Culturales","Marmato","199","COP 5,945,880,873"
"C","Eventos Culturales","Viterbo","194","COP 6,086,378,377"
"C","Eventos Culturales","Belalcázar","188","COP 5,484,297,474"
"C","Plan Medicina Prepagada","Marquetalia","251","COP 8,363,008,039"
"C","Plan Medicina Prepagada","Risaralda","247","COP 7,588,908,213"
"C","Plan Medicina Prepagada","Victoria","245","COP 7,094,072,654"
"C","Plan Medicina Prepagada","Neira","243","COP 7,984,208,517"
"C","Plan Medicina Prepagada","Viterbo","238","COP 7,454,322,724"
"C","Plan Medicina Prepagada","Marmato","236","COP 7,710,064,659"
"C","Plan Medicina Prepagada","Filadelfia","229","COP 6,635,148,069"
"C","Plan Medicina Prepagada","Aranzazu","223","COP 6,989,200,487"
"C","Plan Medicina Prepagada","Villamaría","223","COP 6,555,428,235"
"C","Plan Medicina Prepagada","Salamina","221","COP 7,065,440,086"
"C","Plan Medicina Prepagada","Anserma","220","COP 6,451,920,652"
"C","Plan Medicina Prepagada","Manzanares","220","COP 7,113,724,865"
"C","Plan Medicina Prepagada","Marulanda","220","COP 7,091,251,953"
"C","Plan Medicina Prepagada","La Merced","220","COP 7,076,883,909"
"C","Plan Medicina Prepagada","lse","218","COP 7,009,829,828"
"C","Plan Medicina Prepagada","Manizales","217","COP 7,269,753,064"
"C","Plan Medicina Prepagada","Pácora","212","COP 6,463,647,992"
"C","Plan Medicina Prepagada","Norcasia","212","COP 6,575,883,171"
"C","Plan Medicina Prepagada","Riosucio","212","COP 6,493,991,457"
"C","Plan Medicina Prepagada","Supía","209","COP 6,406,042,424"
"C","Plan Medicina Prepagada","Samaná","207","COP 7,039,346,034"
"C","Plan Medicina Prepagada","La Dorada","205","COP 6,341,161,710"
"C","Plan Medicina Prepagada","Aguadas","205","COP 5,750,796,681"
"C","Plan Medicina Prepagada","Belalcázar","204","COP 6,426,124,515"
"C","Plan Medicina Prepagada","Chinchiná","204","COP 6,876,850,466"
"C","Plan Medicina Prepagada","San José","186","COP 5,732,763,428"
"C","Servicios Medicos","Salamina","253","COP 8,223,191,447"
"C","Servicios Medicos","La Merced","242","COP 7,635,032,068"
"C","Servicios Medicos","Marquetalia","240","COP 7,398,413,150"
"C","Servicios Medicos","Marmato","237","COP 7,677,491,821"
"C","Servicios Medicos","Manizales","234","COP 7,536,313,362"
"C","Servicios Medicos","Victoria","233","COP 7,064,380,148"
"C","Servicios Medicos","Riosucio","230","COP 7,333,464,615"
"C","Servicios Medicos","Neira","229","COP 6,878,222,320"
"C","Servicios Medicos","Villamaría","226","COP 6,851,285,205"
"C","Servicios Medicos","Supía","226","COP 7,286,270,251"
"C","Servicios Medicos","Risaralda","223","COP 7,281,662,404"
"C","Servicios Medicos","Viterbo","221","COP 6,403,327,571"
"C","Servicios Medicos","La Dorada","221","COP 7,470,411,575"
"C","Servicios Medicos","San José","221","COP 7,531,610,108"
"C","Servicios Medicos","Marulanda","220","COP 6,599,761,895"
"C","Servicios Medicos","Belalcázar","219","COP 7,070,731,214"
"C","Servicios Medicos","Manzanares","216","COP 6,876,280,836"
"C","Servicios Medicos","Aguadas","216","COP 6,618,566,109"
"C","Servicios Medicos","Chinchiná","216","COP 6,842,512,721"
"C","Servicios Medicos","Filadelfia","214","COP 6,534,757,562"
"C","Servicios Medicos","lse","214","COP 7,194,088,160"
"C","Servicios Medicos","Aranzazu","212","COP 7,423,820,262"
"C","Servicios Medicos","Anserma","210","COP 6,023,658,731"
"C","Servicios Medicos","Samaná","207","COP 6,578,382,078"
"C","Servicios Medicos","Pácora","207","COP 6,375,880,506"
"C","Servicios Medicos","Norcasia","204","COP 6,481,685,542"
"C","Subsidios","La Merced","245","COP 6,907,102,093"
"C","Subsidios","Risaralda","237","COP 7,544,613,968"
"C","Subsidios","Chinchiná","236","COP 7,750,522,362"
"C","Subsidios","Samaná","233","COP 6,945,085,635"
"C","Subsidios","Supía","232","COP 7,414,158,678"
"C","Subsidios","Marquetalia","232","COP 7,524,114,461"
"C","Subsidios","Manizales","230","COP 7,213,102,764"
"C","Subsidios","Viterbo","228","COP 7,107,183,972"
"C","Subsidios","Victoria","228","COP 7,035,768,808"
"C","Subsidios","Manzanares","225","COP 7,519,784,765"
"C","Subsidios","Filadelfia","224","COP 7,184,372,486"
"C","Subsidios","Villamaría","223","COP 6,346,420,236"
"C","Subsidios","San José","222","COP 7,674,372,995"
"C","Subsidios","Belalcázar","222","COP 7,209,488,694"
"C","Subsidios","Salamina","221","COP 6,675,742,776"
"C","Subsidios","Norcasia","221","COP 7,013,669,400"
"C","Subsidios","La Dorada","217","COP 6,694,859,240"
"C","Subsidios","Pácora","215","COP 6,342,045,425"
"C","Subsidios","Anserma","213","COP 6,825,724,567"
"C","Subsidios","Riosucio","210","COP 6,768,347,686"
"C","Subsidios","Aranzazu","210","COP 6,365,417,869"
"C","Subsidios","Neira","207","COP 7,011,217,078"
"C","Subsidios","Marulanda","207","COP 6,600,655,852"
"C","Subsidios","Marmato","202","COP 6,365,910,696"
"C","Subsidios","lse","198","COP 6,130,939,031"
"C","Subsidios","Aguadas","194","COP 6,307,794,497"
"C","Vacunación","Marquetalia","249","COP 7,851,376,766"
"C","Vacunación","Salamina","247","COP 8,150,962,175"
"C","Vacunación","Aranzazu","243","COP 8,169,046,000"
"C","Vacunación","Chinchiná","241","COP 7,863,818,297"
"C","Vacunación","Riosucio","237","COP 7,959,385,606"
"C","Vacunación","Supía","236","COP 7,317,035,377"
"C","Vacunación","Marmato","236","COP 7,242,094,384"
"C","Vacunación","Manizales","235","COP 7,659,189,974"
"C","Vacunación","Belalcázar","230","COP 7,014,138,006"
"C","Vacunación","San José","226","COP 7,156,101,724"
"C","Vacunación","La Merced","225","COP 7,249,353,564"
"C","Vacunación","Manzanares","219","COP 6,670,619,771"
"C","Vacunación","Samaná","215","COP 6,507,111,877"
"C","Vacunación","Victoria","213","COP 6,657,225,243"
"C","Vacunación","Aguadas","210","COP 6,639,067,124"
"C","Vacunación","La Dorada","210","COP 6,812,635,198"
"C","Vacunación","Neira","209","COP 6,462,677,903"
"C","Vacunación","Villamaría","209","COP 5,790,177,918"
"C","Vacunación","Anserma","208","COP 6,703,307,794"
"C","Vacunación","Pácora","207","COP 6,617,681,063"
"C","Vacunación","Filadelfia","207","COP 6,404,742,350"
"C","Vacunación","Risaralda","202","COP 6,197,165,961"
"C","Vacunación","Norcasia","199","COP 6,451,309,110"
"C","Vacunación","lse","189","COP 5,857,804,051"
"C","Vacunación","Viterbo","184","COP 5,428,701,199"
"C","Vacunación","Marulanda","184","COP 5,382,142,767"
